run_id,representation_id,method,parameters,seed,sample_rule,silhouette,davies_bouldin,calinski_harabasz,inertia,runtime_s,notes
20260605_124405_0f286a,R0,kmeans,"{'n_clusters': 2, 'n_init': 10}",42,sample_size=10000,0.1868,1.998,23955.3,537030.2118,1.4992,k-selection sweep
20260605_124413_251b31,R0,kmeans,"{'n_clusters': 2, 'n_init': 10}",0,sample_size=10000,0.1871,2.002,23958.2,537018.7839,1.4017,k-selection sweep
20260605_124420_104bba,R0,kmeans,"{'n_clusters': 2, 'n_init': 10}",123,sample_size=10000,0.1871,2.002,23958.2,537018.7945,1.4808,k-selection sweep
20260605_124428_3be44c,R0,kmeans,"{'n_clusters': 2, 'n_init': 10}",7,sample_size=10000,0.1871,2.002,23958.2,537018.7839,1.4034,k-selection sweep
20260605_124435_bf1f93,R0,kmeans,"{'n_clusters': 2, 'n_init': 10}",99,sample_size=10000,0.1871,2.002,23958.2,537018.7839,1.4571,k-selection sweep
20260605_124442_fe1377,R0,kmeans,"{'n_clusters': 2, 'n_init': 10}",67,sample_size=10000,0.1871,2.002,23958.2,537018.8482,1.4476,k-selection sweep
20260605_124450_3b74e2,R0,kmeans,"{'n_clusters': 2, 'n_init': 10}",420,sample_size=10000,0.1871,2.002,23958.2,537018.8482,1.4682,k-selection sweep
20260605_124457_b94c7d,R0,kmeans,"{'n_clusters': 2, 'n_init': 10}",20,sample_size=10000,0.1871,2.002,23958.2,537019.0113,1.4575,k-selection sweep
20260605_124505_72dbcf,R0,kmeans,"{'n_clusters': 2, 'n_init': 10}",321,sample_size=10000,0.1871,2.002,23958.2,537018.7839,1.2917,k-selection sweep
20260605_124512_56446d,R0,kmeans,"{'n_clusters': 2, 'n_init': 10}",38,sample_size=10000,0.1871,2.002,23958.2,537018.7839,1.4973,k-selection sweep
20260605_124520_2d58a1,R0,kmeans,"{'n_clusters': 3, 'n_init': 10}",42,sample_size=10000,0.2062,1.6545,25919.5,449573.3052,1.5402,k-selection sweep
20260605_124527_d517d4,R0,kmeans,"{'n_clusters': 3, 'n_init': 10}",0,sample_size=10000,0.2061,1.6546,25919.5,449573.3459,1.5458,k-selection sweep
20260605_124534_95602b,R0,kmeans,"{'n_clusters': 3, 'n_init': 10}",123,sample_size=10000,0.2061,1.6546,25919.5,449573.2821,1.4793,k-selection sweep
20260605_124542_a04d22,R0,kmeans,"{'n_clusters': 3, 'n_init': 10}",7,sample_size=10000,0.2061,1.6545,25919.5,449573.3012,1.5408,k-selection sweep
20260605_124549_3ef9e9,R0,kmeans,"{'n_clusters': 3, 'n_init': 10}",99,sample_size=10000,0.2061,1.6546,25919.5,449573.3698,1.5872,k-selection sweep
20260605_124556_c1c87a,R0,kmeans,"{'n_clusters': 3, 'n_init': 10}",67,sample_size=10000,0.2061,1.6546,25919.5,449573.3203,1.5267,k-selection sweep
20260605_124604_79f717,R0,kmeans,"{'n_clusters': 3, 'n_init': 10}",420,sample_size=10000,0.2061,1.6546,25919.5,449573.3428,1.572,k-selection sweep
20260605_124611_dc48c6,R0,kmeans,"{'n_clusters': 3, 'n_init': 10}",20,sample_size=10000,0.2061,1.6545,25919.5,449573.3254,1.5478,k-selection sweep
20260605_124619_dffecc,R0,kmeans,"{'n_clusters': 3, 'n_init': 10}",321,sample_size=10000,0.2061,1.6547,25919.5,449573.203,1.5651,k-selection sweep
20260605_124626_0e0206,R0,kmeans,"{'n_clusters': 3, 'n_init': 10}",38,sample_size=10000,0.2061,1.6546,25919.5,449573.3305,1.5329,k-selection sweep
20260605_124633_d5fc73,R0,kmeans,"{'n_clusters': 4, 'n_init': 10}",42,sample_size=10000,0.2145,1.4804,24496.1,399108.4745,1.7999,k-selection sweep
20260605_124641_077026,R0,kmeans,"{'n_clusters': 4, 'n_init': 10}",0,sample_size=10000,0.2145,1.4805,24496.1,399108.8741,1.7571,k-selection sweep
20260605_124648_ed20b2,R0,kmeans,"{'n_clusters': 4, 'n_init': 10}",123,sample_size=10000,0.2145,1.4805,24496.1,399108.8741,1.7158,k-selection sweep
20260605_124656_0536c4,R0,kmeans,"{'n_clusters': 4, 'n_init': 10}",7,sample_size=10000,0.2144,1.4804,24496.1,399108.4776,1.7863,k-selection sweep
20260605_124703_5d78fc,R0,kmeans,"{'n_clusters': 4, 'n_init': 10}",99,sample_size=10000,0.2145,1.4805,24496.1,399108.8741,1.7517,k-selection sweep
20260605_124711_e2d007,R0,kmeans,"{'n_clusters': 4, 'n_init': 10}",67,sample_size=10000,0.2144,1.4805,24496.1,399108.3592,1.7565,k-selection sweep
20260605_124718_959ccf,R0,kmeans,"{'n_clusters': 4, 'n_init': 10}",420,sample_size=10000,0.2146,1.4804,24496.1,399108.7575,1.6678,k-selection sweep
20260605_124725_96b72e,R0,kmeans,"{'n_clusters': 4, 'n_init': 10}",20,sample_size=10000,0.2146,1.4805,24496.0,399109.0463,1.678,k-selection sweep
20260605_124733_6196e2,R0,kmeans,"{'n_clusters': 4, 'n_init': 10}",321,sample_size=10000,0.2145,1.4804,24496.1,399108.8202,1.7096,k-selection sweep
20260605_124740_9bc165,R0,kmeans,"{'n_clusters': 4, 'n_init': 10}",38,sample_size=10000,0.2144,1.4805,24496.1,399108.6894,1.7763,k-selection sweep
20260605_124748_350a9c,R0,kmeans,"{'n_clusters': 5, 'n_init': 10}",42,sample_size=10000,0.2001,1.5581,22894.0,364887.2352,1.837,k-selection sweep
20260605_124755_cbd490,R0,kmeans,"{'n_clusters': 5, 'n_init': 10}",0,sample_size=10000,0.2002,1.558,22894.0,364887.1311,1.9152,k-selection sweep
20260605_124802_8bff87,R0,kmeans,"{'n_clusters': 5, 'n_init': 10}",123,sample_size=10000,0.2304,1.3731,23770.5,358922.4103,1.7299,k-selection sweep
20260605_124810_6bb898,R0,kmeans,"{'n_clusters': 5, 'n_init': 10}",7,sample_size=10000,0.2304,1.3731,23770.5,358922.1722,1.8359,k-selection sweep
20260605_124817_4ffe2b,R0,kmeans,"{'n_clusters': 5, 'n_init': 10}",99,sample_size=10000,0.2304,1.3731,23770.5,358922.1566,1.7302,k-selection sweep
20260605_124825_cd79aa,R0,kmeans,"{'n_clusters': 5, 'n_init': 10}",67,sample_size=10000,0.2304,1.3731,23770.5,358922.1558,1.7068,k-selection sweep
20260605_124832_0d5753,R0,kmeans,"{'n_clusters': 5, 'n_init': 10}",420,sample_size=10000,0.2303,1.3733,23770.5,358922.4714,1.738,k-selection sweep
20260605_124840_5942d6,R0,kmeans,"{'n_clusters': 5, 'n_init': 10}",20,sample_size=10000,0.2304,1.3731,23770.5,358922.1648,1.7743,k-selection sweep
20260605_124847_4b60b4,R0,kmeans,"{'n_clusters': 5, 'n_init': 10}",321,sample_size=10000,0.2001,1.5581,22894.0,364887.2626,1.774,k-selection sweep
20260605_124854_84e4ce,R0,kmeans,"{'n_clusters': 5, 'n_init': 10}",38,sample_size=10000,0.2001,1.5582,22894.0,364887.4323,1.8395,k-selection sweep
20260605_124902_55069f,R0,kmeans,"{'n_clusters': 6, 'n_init': 10}",42,sample_size=10000,0.2176,1.4281,22543.1,331651.9282,1.8236,k-selection sweep
20260605_124909_1be710,R0,kmeans,"{'n_clusters': 6, 'n_init': 10}",0,sample_size=10000,0.2175,1.428,22544.0,331645.8881,1.8913,k-selection sweep
20260605_124916_3b0d2d,R0,kmeans,"{'n_clusters': 6, 'n_init': 10}",123,sample_size=10000,0.2154,1.4529,22524.7,331783.6443,1.8446,k-selection sweep
20260605_124924_4c9e86,R0,kmeans,"{'n_clusters': 6, 'n_init': 10}",7,sample_size=10000,0.2175,1.4279,22544.0,331645.7628,1.8591,k-selection sweep
20260605_124931_b575c3,R0,kmeans,"{'n_clusters': 6, 'n_init': 10}",99,sample_size=10000,0.2283,1.4479,21823.0,336877.6554,1.8328,k-selection sweep
20260605_124939_dc858d,R0,kmeans,"{'n_clusters': 6, 'n_init': 10}",67,sample_size=10000,0.2175,1.428,22544.0,331645.7912,1.7536,k-selection sweep
20260605_124946_abbf4b,R0,kmeans,"{'n_clusters': 6, 'n_init': 10}",420,sample_size=10000,0.2178,1.4277,22544.6,331640.89,1.738,k-selection sweep
20260605_124953_3d0569,R0,kmeans,"{'n_clusters': 6, 'n_init': 10}",20,sample_size=10000,0.2178,1.4277,22544.6,331641.0942,1.8278,k-selection sweep
20260605_125001_792984,R0,kmeans,"{'n_clusters': 6, 'n_init': 10}",321,sample_size=10000,0.2178,1.4277,22544.6,331640.8897,1.8714,k-selection sweep
20260605_125008_c7e00c,R0,kmeans,"{'n_clusters': 6, 'n_init': 10}",38,sample_size=10000,0.2175,1.4279,22544.0,331645.6683,1.8554,k-selection sweep
20260605_125016_bc244b,R0,kmeans,"{'n_clusters': 7, 'n_init': 10}",42,sample_size=10000,0.2341,1.3586,22409.3,303245.5094,2.1868,k-selection sweep
20260605_125023_955c1b,R0,kmeans,"{'n_clusters': 7, 'n_init': 10}",0,sample_size=10000,0.2341,1.3585,22409.3,303245.5802,1.8994,k-selection sweep
20260605_125031_b4a5eb,R0,kmeans,"{'n_clusters': 7, 'n_init': 10}",123,sample_size=10000,0.2341,1.3586,22409.3,303245.4877,1.8922,k-selection sweep
20260605_125038_b5a191,R0,kmeans,"{'n_clusters': 7, 'n_init': 10}",7,sample_size=10000,0.2341,1.3586,22409.3,303245.4944,1.8596,k-selection sweep
20260605_125045_da04d2,R0,kmeans,"{'n_clusters': 7, 'n_init': 10}",99,sample_size=10000,0.2341,1.3585,22409.3,303245.5404,2.0139,k-selection sweep
20260605_125053_2a393a,R0,kmeans,"{'n_clusters': 7, 'n_init': 10}",67,sample_size=10000,0.2341,1.3586,22409.3,303245.7343,1.8341,k-selection sweep
20260605_125100_7ae4fc,R0,kmeans,"{'n_clusters': 7, 'n_init': 10}",420,sample_size=10000,0.2341,1.3586,22409.3,303245.4964,1.9477,k-selection sweep
20260605_125108_26a7f4,R0,kmeans,"{'n_clusters': 7, 'n_init': 10}",20,sample_size=10000,0.2341,1.3586,22409.3,303245.5359,1.9566,k-selection sweep
20260605_125115_41c30c,R0,kmeans,"{'n_clusters': 7, 'n_init': 10}",321,sample_size=10000,0.2341,1.3586,22409.3,303245.4932,1.9591,k-selection sweep
20260605_125123_479dec,R0,kmeans,"{'n_clusters': 7, 'n_init': 10}",38,sample_size=10000,0.2341,1.3586,22409.3,303245.4911,1.8139,k-selection sweep
20260605_125130_5087ac,R0,kmeans,"{'n_clusters': 8, 'n_init': 10}",42,sample_size=10000,0.1965,1.404,20942.2,289403.7621,2.0242,k-selection sweep
20260605_125138_105f62,R0,kmeans,"{'n_clusters': 8, 'n_init': 10}",0,sample_size=10000,0.2321,1.3531,21105.7,288163.1287,2.0142,k-selection sweep
20260605_125145_c9431c,R0,kmeans,"{'n_clusters': 8, 'n_init': 10}",123,sample_size=10000,0.1997,1.4018,20939.7,289422.4963,2.0998,k-selection sweep
20260605_125153_74b716,R0,kmeans,"{'n_clusters': 8, 'n_init': 10}",7,sample_size=10000,0.1997,1.4017,20939.7,289422.5201,1.8965,k-selection sweep
20260605_125200_558747,R0,kmeans,"{'n_clusters': 8, 'n_init': 10}",99,sample_size=10000,0.1965,1.4039,20942.2,289403.7574,2.0069,k-selection sweep
20260605_125207_7bf4dd,R0,kmeans,"{'n_clusters': 8, 'n_init': 10}",67,sample_size=10000,0.1997,1.4018,20939.7,289422.5253,1.9684,k-selection sweep
20260605_125215_1ad91a,R0,kmeans,"{'n_clusters': 8, 'n_init': 10}",420,sample_size=10000,0.2321,1.3531,21105.8,288163.0449,2.0336,k-selection sweep
20260605_125223_e76598,R0,kmeans,"{'n_clusters': 8, 'n_init': 10}",20,sample_size=10000,0.227,1.4684,20824.0,290306.5708,1.9976,k-selection sweep
20260605_125230_c918b6,R0,kmeans,"{'n_clusters': 8, 'n_init': 10}",321,sample_size=10000,0.2319,1.3554,21104.8,288170.3446,1.9883,k-selection sweep
20260605_125237_0e5873,R0,kmeans,"{'n_clusters': 8, 'n_init': 10}",38,sample_size=10000,0.2319,1.3555,21104.8,288170.4651,1.9396,k-selection sweep
20260605_125246_0eab56,R0,kmeans,"{'n_clusters': 7, 'n_init': 10}",42,full,0.2341,1.3586,22409.3,303245.5094,2.0151,final run StandardScaler no ADR
20260605_125253_3d007c,R0,kmeans,"{'n_clusters': 7, 'n_init': 10}",42,full,0.2341,1.3586,22409.3,303245.5094,1.8979,final run StandardScaler no ADR
20260605_125307_04f2c9,R1,kmeans,"{'n_clusters': 7, 'n_init': 10}",42,full,0.2381,1.3471,24061.0,256758.3197,2.1247,final run RobustScaler no ADR
20260605_125315_cbe153,R2,kmeans,"{'n_clusters': 7, 'n_init': 10}",42,full,0.1939,1.5082,18924.9,391650.5176,2.5198,final run StandardScaler with ADR
20260605_125438_6c3954,R0,ikmeans,"{'min_cluster_size': 1000, 'use_unit_ranges': True, 'n_clusters': 9}",,full,0.2027,1.4387,19364.7,280621.2339,0.0973,ikmeans_sweep min_size=1000
20260605_125610_7000e8,R0,ikmeans,"{'min_cluster_size': 1500, 'use_unit_ranges': True, 'n_clusters': 9}",,full,0.2027,1.4387,19364.7,280621.2339,0.0927,ikmeans_sweep min_size=1500
20260605_125738_dc156b,R0,ikmeans,"{'min_cluster_size': 2000, 'use_unit_ranges': True, 'n_clusters': 8}",,full,0.2183,1.4328,19608.4,299932.1704,0.0931,ikmeans_sweep min_size=2000
20260605_125910_036012,R0,ikmeans,"{'min_cluster_size': 2500, 'use_unit_ranges': True, 'n_clusters': 8}",,full,0.2183,1.4328,19608.4,299932.1704,0.096,ikmeans_sweep min_size=2500
20260605_130041_5fa08a,R0,ikmeans,"{'min_cluster_size': 3000, 'use_unit_ranges': True, 'n_clusters': 6}",,full,0.174,1.5208,21540.0,338977.2297,0.1069,ikmeans_sweep min_size=3000
20260605_130212_b4523c,R0,ikmeans,"{'min_cluster_size': 3500, 'use_unit_ranges': True, 'n_clusters': 6}",,full,0.174,1.5208,21540.0,338977.2297,0.1072,ikmeans_sweep min_size=3500
20260605_130344_9bcc8d,R0,ikmeans,"{'min_cluster_size': 4000, 'use_unit_ranges': True, 'n_clusters': 6}",,full,0.174,1.5208,21540.0,338977.2297,0.1123,ikmeans_sweep min_size=4000
20260605_130517_b084cf,R0,ikmeans,"{'min_cluster_size': 4500, 'use_unit_ranges': True, 'n_clusters': 6}",,full,0.174,1.5208,21540.0,338977.2297,0.1031,ikmeans_sweep min_size=4500
20260605_130702_9bb199,R0,gmm,"{'n_components': 2, 'covariance_type': 'full', 'n_init': 1}",42,full,0.1395,2.2145,5093.1,26.5159,1.0377,GMM evaluation for k=2 on R0
20260605_130710_bd7af1,R0,gmm,"{'n_components': 2, 'covariance_type': 'full', 'n_init': 1}",0,full,0.1395,2.2145,5093.1,26.5159,1.0165,GMM evaluation for k=2 on R0
20260605_130718_2bac74,R0,gmm,"{'n_components': 2, 'covariance_type': 'full', 'n_init': 1}",123,full,0.1229,2.6023,11397.4,32.3932,1.0263,GMM evaluation for k=2 on R0
20260605_130725_caf23b,R0,gmm,"{'n_components': 2, 'covariance_type': 'full', 'n_init': 1}",7,full,0.1395,2.2145,5093.1,26.5159,1.0119,GMM evaluation for k=2 on R0
20260605_130734_5b569b,R0,gmm,"{'n_components': 2, 'covariance_type': 'full', 'n_init': 1}",99,full,0.1488,3.6003,6329.0,22.3253,2.1472,GMM evaluation for k=2 on R0
20260605_130742_881bbb,R0,gmm,"{'n_components': 2, 'covariance_type': 'full', 'n_init': 1}",67,full,0.1229,2.6023,11397.4,32.3932,1.0344,GMM evaluation for k=2 on R0
20260605_130749_246dab,R0,gmm,"{'n_components': 2, 'covariance_type': 'full', 'n_init': 1}",420,full,0.1229,2.6023,11397.4,32.3932,1.0369,GMM evaluation for k=2 on R0
20260605_130758_b2f103,R0,gmm,"{'n_components': 2, 'covariance_type': 'full', 'n_init': 1}",20,full,0.1488,3.6003,6329.0,22.3253,2.1967,GMM evaluation for k=2 on R0
20260605_130807_d0ff30,R0,gmm,"{'n_components': 2, 'covariance_type': 'full', 'n_init': 1}",321,full,0.1488,3.6003,6329.0,22.3253,2.2282,GMM evaluation for k=2 on R0
20260605_130814_f42755,R0,gmm,"{'n_components': 2, 'covariance_type': 'full', 'n_init': 1}",38,full,0.1229,2.6023,11397.4,32.3932,1.0187,GMM evaluation for k=2 on R0
20260605_130823_f96d16,R0,gmm,"{'n_components': 3, 'covariance_type': 'full', 'n_init': 1}",42,full,0.1216,2.0652,11375.8,38.5389,2.1041,GMM evaluation for k=3 on R0
20260605_130831_c6b20c,R0,gmm,"{'n_components': 3, 'covariance_type': 'full', 'n_init': 1}",0,full,0.1216,2.0652,11375.8,38.5389,2.1158,GMM evaluation for k=3 on R0
20260605_130840_a2cde2,R0,gmm,"{'n_components': 3, 'covariance_type': 'full', 'n_init': 1}",123,full,0.1216,2.0652,11375.8,38.5389,2.1189,GMM evaluation for k=3 on R0
20260605_130848_6aa3b8,R0,gmm,"{'n_components': 3, 'covariance_type': 'full', 'n_init': 1}",7,full,0.1216,2.0652,11375.8,38.5389,2.1586,GMM evaluation for k=3 on R0
20260605_130857_34d357,R0,gmm,"{'n_components': 3, 'covariance_type': 'full', 'n_init': 1}",99,full,0.1216,2.0652,11375.8,38.5389,2.2261,GMM evaluation for k=3 on R0
20260605_130905_b27134,R0,gmm,"{'n_components': 3, 'covariance_type': 'full', 'n_init': 1}",67,full,0.1216,2.0652,11375.8,38.5389,2.0719,GMM evaluation for k=3 on R0
20260605_130914_68291d,R0,gmm,"{'n_components': 3, 'covariance_type': 'full', 'n_init': 1}",420,full,0.1216,2.0652,11375.8,38.5389,2.04,GMM evaluation for k=3 on R0
20260605_130922_92080d,R0,gmm,"{'n_components': 3, 'covariance_type': 'full', 'n_init': 1}",20,full,0.1216,2.0652,11375.8,38.5389,2.2138,GMM evaluation for k=3 on R0
20260605_130931_5376c9,R0,gmm,"{'n_components': 3, 'covariance_type': 'full', 'n_init': 1}",321,full,0.1216,2.0652,11375.8,38.5389,2.1303,GMM evaluation for k=3 on R0
20260605_130939_29a0cd,R0,gmm,"{'n_components': 3, 'covariance_type': 'full', 'n_init': 1}",38,full,0.1216,2.0652,11375.8,38.5389,2.1018,GMM evaluation for k=3 on R0
20260605_130948_4eb366,R0,gmm,"{'n_components': 4, 'covariance_type': 'full', 'n_init': 1}",42,full,0.1223,2.0268,10775.0,43.25,2.1627,GMM evaluation for k=4 on R0
20260605_130956_03b04c,R0,gmm,"{'n_components': 4, 'covariance_type': 'full', 'n_init': 1}",0,full,0.1288,2.0466,8868.4,42.3089,2.0762,GMM evaluation for k=4 on R0
20260605_131007_835e0d,R0,gmm,"{'n_components': 4, 'covariance_type': 'full', 'n_init': 1}",123,full,0.1161,2.341,9057.3,46.3789,3.8703,GMM evaluation for k=4 on R0
20260605_131015_886ccb,R0,gmm,"{'n_components': 4, 'covariance_type': 'full', 'n_init': 1}",7,full,0.1288,2.0466,8868.4,42.3089,2.1181,GMM evaluation for k=4 on R0
20260605_131024_90bd18,R0,gmm,"{'n_components': 4, 'covariance_type': 'full', 'n_init': 1}",99,full,0.0955,2.3166,8854.8,43.4059,2.3502,GMM evaluation for k=4 on R0
20260605_131034_8097b5,R0,gmm,"{'n_components': 4, 'covariance_type': 'full', 'n_init': 1}",67,full,0.1161,2.341,9057.3,46.3789,3.8587,GMM evaluation for k=4 on R0
20260605_131042_49f906,R0,gmm,"{'n_components': 4, 'covariance_type': 'full', 'n_init': 1}",420,full,0.1288,2.0466,8868.4,42.3089,2.055,GMM evaluation for k=4 on R0
20260605_131051_50e5d2,R0,gmm,"{'n_components': 4, 'covariance_type': 'full', 'n_init': 1}",20,full,0.1288,2.0466,8868.4,42.3089,2.0545,GMM evaluation for k=4 on R0
20260605_131059_090280,R0,gmm,"{'n_components': 4, 'covariance_type': 'full', 'n_init': 1}",321,full,0.1223,2.0268,10775.0,43.25,2.1397,GMM evaluation for k=4 on R0
20260605_131107_2fd431,R0,gmm,"{'n_components': 4, 'covariance_type': 'full', 'n_init': 1}",38,full,0.1135,2.0485,9862.0,42.7136,2.1045,GMM evaluation for k=4 on R0
20260605_131116_5a83d7,R0,gmm,"{'n_components': 5, 'covariance_type': 'full', 'n_init': 1}",42,full,0.1417,2.4413,9934.1,50.8134,2.5449,GMM evaluation for k=5 on R0
20260605_131126_d198f4,R0,gmm,"{'n_components': 5, 'covariance_type': 'full', 'n_init': 1}",0,full,0.0926,2.4163,6798.2,47.7887,3.3905,GMM evaluation for k=5 on R0
20260605_131136_f6f950,R0,gmm,"{'n_components': 5, 'covariance_type': 'full', 'n_init': 1}",123,full,0.1249,2.7063,8893.3,51.0116,3.4119,GMM evaluation for k=5 on R0
20260605_131147_053aec,R0,gmm,"{'n_components': 5, 'covariance_type': 'full', 'n_init': 1}",7,full,0.1072,2.7814,8187.8,42.7605,5.0621,GMM evaluation for k=5 on R0
20260605_131156_604b9a,R0,gmm,"{'n_components': 5, 'covariance_type': 'full', 'n_init': 1}",99,full,0.0955,2.7982,7036.7,49.6733,2.7574,GMM evaluation for k=5 on R0
20260605_131207_f70bf3,R0,gmm,"{'n_components': 5, 'covariance_type': 'full', 'n_init': 1}",67,full,0.1191,2.5515,7891.8,47.9849,5.0194,GMM evaluation for k=5 on R0
20260605_131217_7a93bf,R0,gmm,"{'n_components': 5, 'covariance_type': 'full', 'n_init': 1}",420,full,0.13,2.5716,8448.7,49.0954,3.5842,GMM evaluation for k=5 on R0
20260605_131226_2af74d,R0,gmm,"{'n_components': 5, 'covariance_type': 'full', 'n_init': 1}",20,full,0.0926,2.4163,6798.2,47.7887,3.3272,GMM evaluation for k=5 on R0
20260605_131235_59dc85,R0,gmm,"{'n_components': 5, 'covariance_type': 'full', 'n_init': 1}",321,full,0.1417,2.4413,9934.1,50.8134,2.5557,GMM evaluation for k=5 on R0
20260605_131245_8982d7,R0,gmm,"{'n_components': 5, 'covariance_type': 'full', 'n_init': 1}",38,full,0.0926,2.4163,6798.2,47.7887,3.3827,GMM evaluation for k=5 on R0
20260605_131258_99a2b1,R0,gmm,"{'n_components': 6, 'covariance_type': 'full', 'n_init': 1}",42,full,0.1346,1.9662,9376.0,50.2925,6.4766,GMM evaluation for k=6 on R0
20260605_131308_aa789d,R0,gmm,"{'n_components': 6, 'covariance_type': 'full', 'n_init': 1}",0,full,0.1075,2.2976,6720.6,50.0775,3.8452,GMM evaluation for k=6 on R0
20260605_131317_5289e2,R0,gmm,"{'n_components': 6, 'covariance_type': 'full', 'n_init': 1}",123,full,0.1322,2.5963,7988.9,48.7278,2.8471,GMM evaluation for k=6 on R0
20260605_131327_d4f8f0,R0,gmm,"{'n_components': 6, 'covariance_type': 'full', 'n_init': 1}",7,full,0.1234,2.5023,7839.7,53.2842,4.1859,GMM evaluation for k=6 on R0
20260605_131338_612391,R0,gmm,"{'n_components': 6, 'covariance_type': 'full', 'n_init': 1}",99,full,0.1142,2.8115,8141.5,50.0305,4.3128,GMM evaluation for k=6 on R0
20260605_131351_e1ca06,R0,gmm,"{'n_components': 6, 'covariance_type': 'full', 'n_init': 1}",67,full,0.1105,2.6976,6436.1,49.3507,6.9132,GMM evaluation for k=6 on R0
20260605_131403_fb27e8,R0,gmm,"{'n_components': 6, 'covariance_type': 'full', 'n_init': 1}",420,full,0.0809,2.8853,4781.1,47.587,4.9226,GMM evaluation for k=6 on R0
20260605_131415_8a9946,R0,gmm,"{'n_components': 6, 'covariance_type': 'full', 'n_init': 1}",20,full,0.1347,1.9608,9268.3,50.2005,5.9186,GMM evaluation for k=6 on R0
20260605_131425_c7e38f,R0,gmm,"{'n_components': 6, 'covariance_type': 'full', 'n_init': 1}",321,full,0.135,2.3651,8176.5,52.5686,3.9233,GMM evaluation for k=6 on R0
20260605_131435_435973,R0,gmm,"{'n_components': 6, 'covariance_type': 'full', 'n_init': 1}",38,full,0.1075,2.2976,6720.6,50.0775,3.9436,GMM evaluation for k=6 on R0
20260605_131446_4b4180,R0,gmm,"{'n_components': 7, 'covariance_type': 'full', 'n_init': 1}",42,full,0.1693,2.8134,11047.3,50.6223,4.4906,GMM evaluation for k=7 on R0
20260605_131456_a9868c,R0,gmm,"{'n_components': 7, 'covariance_type': 'full', 'n_init': 1}",0,full,0.1401,2.1781,8513.8,49.054,4.4419,GMM evaluation for k=7 on R0
20260605_131506_c85d73,R0,gmm,"{'n_components': 7, 'covariance_type': 'full', 'n_init': 1}",123,full,0.1233,2.6726,7161.6,53.2809,3.6777,GMM evaluation for k=7 on R0
20260605_131519_e0e599,R0,gmm,"{'n_components': 7, 'covariance_type': 'full', 'n_init': 1}",7,full,0.1205,2.5663,6862.9,52.1921,6.2103,GMM evaluation for k=7 on R0
20260605_131529_037c92,R0,gmm,"{'n_components': 7, 'covariance_type': 'full', 'n_init': 1}",99,full,0.1092,3.4322,5963.1,52.2392,3.6927,GMM evaluation for k=7 on R0
20260605_131540_9e6e11,R0,gmm,"{'n_components': 7, 'covariance_type': 'full', 'n_init': 1}",67,full,0.0956,2.334,6161.5,49.4987,4.4694,GMM evaluation for k=7 on R0
20260605_131552_3ba6dc,R0,gmm,"{'n_components': 7, 'covariance_type': 'full', 'n_init': 1}",420,full,0.0984,2.6628,5730.8,50.7034,5.204,GMM evaluation for k=7 on R0
20260605_131601_f1ba40,R0,gmm,"{'n_components': 7, 'covariance_type': 'full', 'n_init': 1}",20,full,0.1296,2.5057,7486.8,53.2081,3.6454,GMM evaluation for k=7 on R0
20260605_131612_25cc54,R0,gmm,"{'n_components': 7, 'covariance_type': 'full', 'n_init': 1}",321,full,0.1229,3.1586,7581.0,56.9639,4.4798,GMM evaluation for k=7 on R0
20260605_131625_649483,R0,gmm,"{'n_components': 7, 'covariance_type': 'full', 'n_init': 1}",38,full,0.1205,2.5663,6862.9,52.1921,6.2469,GMM evaluation for k=7 on R0
20260605_131640_a17e1f,R0,gmm,"{'n_components': 8, 'covariance_type': 'full', 'n_init': 1}",42,full,0.1318,3.2046,7811.8,56.6903,8.5452,GMM evaluation for k=8 on R0
20260605_131654_cfc01b,R0,gmm,"{'n_components': 8, 'covariance_type': 'full', 'n_init': 1}",0,full,0.1503,2.8911,8196.5,56.7355,7.6304,GMM evaluation for k=8 on R0
20260605_131706_f01ffd,R0,gmm,"{'n_components': 8, 'covariance_type': 'full', 'n_init': 1}",123,full,0.1518,2.7129,8151.8,54.4269,6.2187,GMM evaluation for k=8 on R0
20260605_131719_9d1176,R0,gmm,"{'n_components': 8, 'covariance_type': 'full', 'n_init': 1}",7,full,0.1262,2.6522,7127.6,51.9687,6.2609,GMM evaluation for k=8 on R0
20260605_131729_232e40,R0,gmm,"{'n_components': 8, 'covariance_type': 'full', 'n_init': 1}",99,full,0.1596,2.1407,9638.1,55.283,4.1894,GMM evaluation for k=8 on R0
20260605_131739_10cc86,R0,gmm,"{'n_components': 8, 'covariance_type': 'full', 'n_init': 1}",67,full,0.1532,2.7473,8928.6,52.3176,3.7781,GMM evaluation for k=8 on R0
20260605_131751_8e30d8,R0,gmm,"{'n_components': 8, 'covariance_type': 'full', 'n_init': 1}",420,full,0.1314,2.3575,7054.3,53.4086,5.2112,GMM evaluation for k=8 on R0
20260605_131802_4b8caa,R0,gmm,"{'n_components': 8, 'covariance_type': 'full', 'n_init': 1}",20,full,0.1221,2.2833,6846.9,53.929,4.7011,GMM evaluation for k=8 on R0
20260605_131812_578413,R0,gmm,"{'n_components': 8, 'covariance_type': 'full', 'n_init': 1}",321,full,0.1162,2.7774,7789.7,54.0032,4.0581,GMM evaluation for k=8 on R0
20260605_131824_326eae,R0,gmm,"{'n_components': 8, 'covariance_type': 'full', 'n_init': 1}",38,full,0.1212,2.4362,7255.9,53.7504,5.6434,GMM evaluation for k=8 on R0
20260605_151837_434b57,R0,gmm,"{'n_components': 8, 'covariance_type': 'full', 'n_init': 10}",42,full,0.1318,3.2046,7811.8,56.6903,59.4464,GMM final evaluation for covariance_type=full
20260605_151930_fe9e5c,R0,gmm,"{'n_components': 8, 'covariance_type': 'tied', 'n_init': 10}",42,full,0.1634,1.8718,10572.6,24.1048,46.1992,GMM final evaluation for covariance_type=tied
20260605_151959_d6570b,R0,gmm,"{'n_components': 8, 'covariance_type': 'diag', 'n_init': 10}",42,full,0.1477,2.1659,8206.6,47.8605,22.3216,GMM final evaluation for covariance_type=diag
20260605_152025_b7cbe4,R0,gmm,"{'n_components': 8, 'covariance_type': 'spherical', 'n_init': 10}",42,full,0.1434,1.3881,18821.8,-8.177,19.9649,GMM final evaluation for covariance_type=spherical
20260605_152134_fafaad,R0,gmm,"{'n_components': 8, 'covariance_type': 'full', 'n_init': 10}",42,full,0.1318,3.2046,7811.8,56.6903,59.5068,GMM final evaluation for scaller=X_R0
20260605_152235_7c745e,R1,gmm,"{'n_components': 8, 'covariance_type': 'full', 'n_init': 10}",42,full,0.1648,2.8673,7255.5,58.0032,55.0828,GMM final evaluation for scaller=X_R1
20260605_152344_dddb17,R2,gmm,"{'n_components': 8, 'covariance_type': 'full', 'n_init': 10}",42,full,0.1092,2.518,6729.3,56.0715,62.0858,GMM final evaluation for scaller=X_R2
